image,colour,verdict,detected_x,detected_y,detected_radius,label_x,label_y,label_radius,centre_error_px,radius_error_px,circle_iou
IMG_5389,yellow,found,133,136,34,134,140,33,4.1,1,0.85
IMG_5390,orange,found,158,204,42,158,209,40,5.0,2,0.85
IMG_5390,blue,found,278,124,13,278,124,14,0.0,-1,0.86
IMG_5390,yellow,found,26,110,14,27,112,14,2.2,0,0.82
IMG_5391,orange,found,91,202,59,90,206,55,4.1,4,0.87
IMG_5392,orange,found,136,164,54,135,157,52,7.1,2,0.84
IMG_5393,blue,found,146,149,38,146,149,39,0.0,-1,0.95
IMG_5394,blue,found,135,139,58,135,138,58,1.0,0,0.98
IMG_5395,orange,found,37,169,20,36,169,20,1.0,0,0.94
IMG_5395,blue,found,262,118,16,263,120,18,2.2,-2,0.79
IMG_5395,yellow,found,53,54,14,54,58,15,4.1,-1,0.69
IMG_5396,orange,found,147,149,62,149,143,57,6.3,5,0.83
IMG_5397,yellow,found,149,133,54,149,139,51,6.0,3,0.85
IMG_5398,orange,found,172,44,15,171,38,18,6.1,-3,0.59
IMG_5398,blue,found,133,204,42,132,200,46,4.1,-4,0.83
IMG_5399,blue,found,129,139,68,129,133,72,6.0,-4,0.87
IMG_5400,orange,found,88,106,50,85,99,51,7.6,-1,0.82
IMG_5401,yellow,found,153,138,63,155,144,60,6.3,3,0.86
IMG_5402,orange,found,34,124,22,32,121,24,3.6,-2,0.79
IMG_5402,blue,found,113,81,18,113,82,19,1.0,-1,0.90
IMG_5402,yellow,found,260,150,26,260,152,26,2.0,0,0.91
IMG_5403,orange,found,90,121,47,79,112,57,14.2,-10,0.64
IMG_5403,blue,found,137,67,35,137,63,37,4.0,-2,0.85
IMG_5404,orange,found,67,121,58,61,110,60,12.5,-2,0.76
IMG_5404,blue,found,199,72,42,200,71,45,1.4,-3,0.87
IMG_5405,orange,found,87,39,29,89,38,28,2.2,1,0.90
IMG_5405,blue,found,181,44,27,182,50,30,6.1,-3,0.74
IMG_5405,yellow,found,211,164,87,210,182,80,18.0,7,0.74
IMG_5406,none,empty_scene_no_detection,,,,,,,,,
IMG_5407,none,empty_scene_no_detection,,,,,,,,,
IMG_5408,none,empty_scene_no_detection,,,,,,,,,
