image,colour,label_x,label_y,label_radius,disc_covered,upper_half_covered,lower_half_covered,box_x,box_y,box_radius,output_x,output_y,output_radius,box_centre_error_px,output_centre_error_px,box_radius_error_px,output_radius_error_px,box_iou,output_iou
IMG_5389,yellow,134,140,33,0.51,0.90,0.14,133,130,31,133,136,34,10.0,4.1,-2,1,0.66,0.85
IMG_5390,orange,158,209,40,0.37,0.29,0.44,158,215,38,158,204,42,6.0,5.0,-2,2,0.81,0.85
IMG_5390,blue,278,124,14,0.52,0.57,0.47,278,124,13,278,124,13,0.0,0.0,-1,-1,0.86,0.86
IMG_5390,yellow,27,112,14,0.43,0.80,0.09,26,108,13,26,110,14,4.1,2.2,-1,0,0.67,0.82
IMG_5391,orange,90,206,55,0.47,0.29,0.64,91,217,53,91,202,59,11.0,4.1,-2,4,0.77,0.87
IMG_5392,orange,135,157,52,0.22,0.02,0.41,136,176,49,136,164,54,19.0,7.1,-3,2,0.61,0.84
IMG_5393,blue,146,149,39,0.63,0.81,0.46,146,149,38,146,149,38,0.0,0.0,-1,-1,0.95,0.95
IMG_5394,blue,135,138,58,0.62,0.80,0.44,135,139,58,135,139,58,1.0,1.0,0,0,0.98,0.98
IMG_5395,orange,36,169,20,0.30,0.04,0.54,37,174,18,37,169,20,5.1,1.0,-2,0,0.69,0.94
IMG_5395,blue,263,120,18,0.52,0.73,0.31,262,118,16,262,118,16,2.2,2.2,-2,-2,0.79,0.79
IMG_5395,yellow,54,58,15,0.51,0.88,0.18,53,53,13,53,54,14,5.1,4.1,-2,-1,0.60,0.69
IMG_5396,orange,149,143,57,0.28,0.01,0.54,147,161,56,147,149,62,18.1,6.3,-1,5,0.66,0.83
IMG_5397,yellow,149,139,51,0.65,0.97,0.34,149,124,49,149,133,54,15.0,6.0,-2,3,0.68,0.85
IMG_5398,orange,171,38,18,0.42,0.01,0.81,172,45,14,172,44,15,7.1,6.1,-4,-3,0.51,0.59
IMG_5398,blue,132,200,46,0.59,0.57,0.61,133,204,42,133,204,42,4.1,4.1,-4,-4,0.83,0.83
IMG_5399,blue,129,133,72,0.53,0.48,0.58,129,139,68,129,139,68,6.0,6.0,-4,-4,0.87,0.87
IMG_5400,orange,85,99,51,0.51,0.15,0.85,88,113,45,88,106,50,14.3,7.6,-6,-1,0.66,0.82
IMG_5401,yellow,155,144,60,0.44,0.82,0.07,153,128,57,153,138,63,16.1,6.3,-3,3,0.70,0.86
IMG_5402,orange,32,121,24,0.38,0.05,0.69,34,128,20,34,124,22,7.3,3.6,-4,-2,0.61,0.79
IMG_5402,blue,113,82,19,0.39,0.61,0.17,113,81,18,113,81,18,1.0,1.0,-1,-1,0.90,0.90
IMG_5402,yellow,260,152,26,0.60,0.85,0.36,260,145,24,260,150,26,7.0,2.0,-2,0,0.69,0.91
IMG_5403,orange,79,112,57,0.32,0.02,0.61,90,129,42,90,121,47,20.2,14.2,-15,-10,0.51,0.64
IMG_5403,blue,137,63,37,0.59,0.65,0.53,137,67,35,137,67,35,4.0,4.0,-2,-2,0.85,0.85
IMG_5404,orange,61,110,60,0.50,0.14,0.85,67,130,52,67,121,58,20.9,12.5,-8,-2,0.60,0.76
IMG_5404,blue,200,71,45,0.50,0.66,0.34,199,72,42,199,72,42,1.4,1.4,-3,-3,0.87,0.87
IMG_5405,orange,89,38,28,0.59,0.37,0.80,87,41,26,87,39,29,3.6,2.2,-2,1,0.82,0.90
IMG_5405,blue,182,50,30,0.41,0.73,0.10,181,44,27,181,44,27,6.1,6.1,-3,-3,0.74,0.74
IMG_5405,yellow,210,182,80,0.25,0.51,0.00,211,147,78,211,164,87,35.0,18.0,-2,7,0.56,0.74
