image,colour,cx,cy,radius
IMG_5389,yellow,134,140,33
IMG_5390,yellow,27,112,14
IMG_5390,blue,278,124,14
IMG_5390,orange,158,209,40
IMG_5391,orange,90,206,55
IMG_5392,orange,135,157,52
IMG_5393,blue,146,149,39
IMG_5394,blue,135,138,58
IMG_5395,yellow,54,58,15
IMG_5395,blue,263,120,18
IMG_5395,orange,36,169,20
IMG_5396,orange,149,143,57
IMG_5397,yellow,149,139,51
IMG_5398,blue,132,200,46
IMG_5398,orange,171,38,18
IMG_5399,blue,129,133,72
IMG_5400,orange,85,99,51
IMG_5401,yellow,155,144,60
IMG_5402,orange,32,121,24
IMG_5402,blue,113,82,19
IMG_5402,yellow,260,152,26
IMG_5403,orange,79,112,57
IMG_5403,blue,137,63,37
IMG_5404,orange,61,110,60
IMG_5404,blue,200,71,45
IMG_5405,orange,89,38,28
IMG_5405,blue,182,50,30
IMG_5405,yellow,210,182,80
IMG_5406,none,,,
IMG_5407,none,,,
IMG_5408,none,,,
